id,claim,theorem_or_lemma,proof_or_checker,source_or_test,experiment,figure_or_table,raw_result,maturity,fresh_recheck
C1,Exact fixed-commitment admission in the declared serial-tenant model,Theorem 1,proofs/model-and-results.md; src/commitment.py; src/plan_oracle.py,all legal arrival-amount DP; sparse replay; joint arrival oracle,single and multicore pilots,supplement Theorem 1 and validation table,results/pilot.json; results/multicore-pilot.json,prose_proved_and_finite_checked,fresh rerun in results/reproduction.json; not mechanized or independently reviewed
C2,Earliest rejection has a zero/one future-work-unit witness,Theorem 1 and cardinality boundary,proofs/model-and-results.md; src/plan_oracle.py,full-buffer and future-arrival controls; malformed witness tests,all rejected pilot cases,supplement Theorem 1,results/pilot.json; results/multicore-pilot.json,prose_proved_and_finite_checked,prefix/tenant-specific cardinality claim only
C3,Unit-preemptive urgent-first filling is work conserving and prefix dominant,Theorem 2,proofs/model-and-results.md,one-slot induction; charge all overhead explicitly,not a systems performance experiment,supplement Theorem 2,proofs/model-and-results.md,prose_proved,self-audited; no proof-assistant result
C4,FIFO completion dominance and nonstarvation for positive reservations,Theorem 2 corollary,proofs/model-and-results.md,same known FIFO costs; finite Q; at least one reservation per period,analytic only,supplement completion corollary,proofs/model-and-results.md,prose_proved,does not apply to zero-reservation tenants without additional fairness
C5,Universal atomic-handler feasibility iff nonempty-column union size is at most m,Theorem 3,proofs/model-and-results.md; src/atomic.py; src/atomic_oracle.py,finite alternating game and running-set oracle,atomic pilot,supplement Theorem 3 and atomic witness figure,results/atomic-pilot.json,prose_proved_and_finite_checked,finite horizon corroboration is not the general proof
C6,Two-slot zero-lead obstruction uses m+1 compulsory serial obligations,Theorem 3 necessity,proofs/model-and-results.md; src/atomic_oracle.py,explicit cost-two blockers and cost-one reference arrivals,all 40 denied atomic pilot cases,supplement atomic witness figure,results/atomic-pilot.json; inputs/neutral-cases.json,prose_proved_and_finite_checked,minimal only for the stated simultaneous-capacity construction
E1,66858 main finite cases agree; 18 methods with 300 seeded plan instances pass,finite validation,src/pilot.py; src/plan_pilot.py; src/atomic_pilot.py; tests/test_contracts.py,deterministic sources and recorded domains,three pilots plus repair tests,supplement validation table,results/pilot.json; results/multicore-pilot.json; results/atomic-pilot.json; results/reproduction.json,measured_finite,fresh bounded rerun after checker repair; timings may vary
L1,"IX motivates dedicated protected dataplanes and bounded batches, not this sharing theorem",source comparison,source-notes.md,IX full substantive text,literature evidence only,supplement scope paragraph,external_resources.csv,source_verified,no upstream performance inherited
H1,Sufficient novelty and significance for TPDS,none,source-notes.md,full strongest-work comparison and 12/5/5 calibration incomplete,not completed,not in any completed-paper contribution list,source-notes.md,unresolved,publication/scientific-lock hold
E2,Strict checker regressions reject Boolean offsets and post-failure events and are role-stable under calendar/plan aliasing,checker boundary,src/oracle.py; src/plan_oracle.py,tests/test_contracts.py; deterministic toy regressions,executed regression tests,main-paper checker-repair table,results/checker-regressions.json,measured_regression,pre- and post-repair behavior executed; not inferred from static inspection
