name,url,license_or_rights,access_date,resource_type,acquisition_method,integration_mode,supported_claim,internals_modified,read_or_verification_state
IX: A Protected Dataplane Operating System for High Throughput and Low Latency,https://www.usenix.org/system/files/conference/osdi14/osdi14-paper-belay.pdf,Public USENIX access; no blanket redistribution permission assumed,2026-09-14,research paper,browser full substantive text plus PDF screenshots,paraphrase/citation only; PDF not redistributed,dedicated protected dataplanes; bounded batching; source limitations,no,full substantive paper inspected
Transfer Schedulability in Periodic Real-Time Systems,https://dl.acm.org/doi/10.1145/3763236,Not determined from retrieved article full text,2026-09-25,research paper,ACM metadata; author publication record; selected Prosa companion definitions and criterion,narrow comparison and citation only; no article PDF or formal source integrated,reference-relative completion preservation exists; exact novelty comparison remains open,no,article full text not read
Prosa transfer-schedulability criterion,https://prosa.mpi-sws.org/branches/master/pretty/prosa.results.transfer_schedulability.criterion.html,Upstream proof-source license not separately verified; no source copied,2026-09-14,original formal research artifact,browser definitions and central criterion/proof statements,technical comparison notes only; not executed or redistributed,critical jobs; slackless-interval criterion; ideal uniprocessor domain,no,substantive selected formal source inspected; not a full-paper calibration item
Shenango: Achieving High CPU Efficiency for Latency-sensitive Datacenter Workloads,https://www.usenix.org/system/files/nsdi19-ousterhout.pdf,Public USENIX access; not integrated,2026-09-25,research paper,official USENIX bibliographic record and description; PDF address located,narrow abstract/official-description motivation only; no source code or PDF integrated,fine-grained CPU reallocation as systems motivation; no result inherited,no,metadata and official-description level; full read incomplete
Caladan: Mitigating Interference at Microsecond Timescales,https://www.usenix.org/system/files/osdi20-fried.pdf,Public USENIX access; not integrated,2026-09-25,research paper,official USENIX bibliographic record and description; PDF address located,narrow abstract/official-description motivation only; no source code or PDF integrated,coordinated core allocation and interference control as systems motivation; no result inherited,no,metadata and official-description level; full read incomplete
Unifying serverless and microservice workloads with SigmaOS,https://pdos.csail.mit.edu/papers/sigmaos:sosp24.pdf,No redistribution permission assumed,2026-09-14,research paper,browser PDF retrieval,comparison queue only,no technical claim retained from unread text,no,full read incomplete
An Exact and Sustainable Analysis of Non-Preemptive Scheduling,https://people.mpi-sws.org/~bbb/papers/pdf/rtss17.pdf,No redistribution permission assumed,2026-09-25,research paper,IEEE record and publisher abstract; author-hosted PDF address located,narrow model comparison only; no source code or PDF integrated,exact sustainable fixed-job-priority uniprocessor non-preemptive analysis exists,no,publisher abstract and metadata level; full read incomplete
Offline Equivalence: A Non-Preemptive Scheduling Technique for Resource-Constrained Embedded Real-Time Systems,https://people.mpi-sws.org/~bbb/papers/pdf/rtas17m.pdf,No redistribution permission assumed,2026-09-25,research paper,author-hosted PDF selected sections,source comparison notes only,offline table recreation differs from work-prefix dominance; full comparison pending,no,selected passages only
SPR: Shielded Processor Reservations with Bounded Management Overhead,https://people.mpi-sws.org/~bbb/papers/pdf/rtas25-spr.pdf,No redistribution permission assumed,2026-09-25,research paper,IEEE Computer Society bibliographic record and proceedings table of contents,narrow reservation/overhead context only; no source code or PDF integrated,shielded processor reservations with bounded management overhead exists as related context,no,publisher metadata/title level; full read incomplete
A Case for Pricing Bandwidth: Sharing Datacenter Networks With Cost Dominant Fairness,https://iqua.ece.toronto.edu/papers/lchen-tpds21.pdf,IEEE personal-use notice; PDF not redistributed,2026-09-14,research paper,author-hosted PDF selected initial pages,calibration candidate only,no CPU-prefix guarantee inferred,no,partial read; zero TPDS full-read credit
QoS-Aware Co-Scheduling for Distributed Long-Running Applications on Shared Clusters,https://yangrenyu.github.io/paper/tpds2022-toposcaling.pdf,Not separately verified; not redistributed,2026-09-14,research paper,author-hosted PDF retrieval,calibration candidate only,none until full read,no,full read incomplete
TPDS author information,https://www.computer.org/csdl/journal/td/write-for-us/15085,Publisher website; not redistributed,2026-09-25,official workflow rule,browser live recheck returned dynamic shell,workflow hold only; not manuscript reference,current venue rule verification incomplete,no,unresolved
IEEE template selector,https://template-selector.ieee.org/,Publisher website; not redistributed,2026-09-25,official workflow asset source,browser live recheck returned fetch error,workflow hold only,current selection cannot be certified,no,unresolved
IEEEtran class supplied by user,https://template-selector.ieee.org/,LaTeX Project Public License 1.3 as stated in file,2026-09-14,LaTeX source asset,matching user-supplied template ZIP; structural inspection,"unmodified paper-side dependency, not part of standalone repository",proof-supplement typography only; current TPDS family match unresolved,no,retained verbatim
IEEEtran bibliography style supplied by user,https://template-selector.ieee.org/,LaTeX Project Public License 1.3 as stated in file,2026-09-14,BibTeX source asset,matching user-supplied template ZIP; structural inspection,retained unmodified; explicit IEEE-style reference entry used because BibTeX is unavailable,upstream asset provenance; not an executed formatting dependency,no,retained verbatim
